,Email,First_Name,Last_Name,Password,Security Question,User_ID
0,SMartin@gmail.com,Stephanie,Martin,s8QwPcuO#l,Miller,84915797
1,JBowman@gmail.com,Jeremy,Bowman,Y1^+3Vh2j_,Meganview,84915798
2,ERodriguez@aol.com,Eduardo,Rodriguez,dg^9VU)fmH,Berry,84915799
3,JYoung@hotmail.com,Jason,Young,y*AFDi2nRX,Bee Movie,84915800
4,BAnderson@aol.com,Brittany,Anderson,%hfGU$Dv2f,Jackson,84915801
5,RSims@gmail.com,Robert,Sims,L*6Uw9Nbk1,Dancer,84915802
6,DGonzalez@gmail.com,David,Gonzalez,@awUK5Xcx6,Bee Movie,84915803
7,EJohnson@hotmail.com,Erica,Johnson,iY4LMiu6%!,Port Christophershire,84915804
8,LWang@aol.com,Lisa,Wang,#IF%f5br25,North Jasmine,84915805
9,MWoods@hotmail.com,Michael,Woods,3bv4_WoB*),Potts,84915806
10,KWilson@yahoo.com,Kara,Wilson,*^1_KDbSU*,Soil scientist,84915807
11,MMartin@yahoo.com,Michelle,Martin,XXbb8!idU),Shrek 2,84915808
12,AAshley@aol.com,Amy,Ashley,8k+)8eXb4w,New Michaelstad,84915809
13,GReed@yahoo.com,Gina,Reed,(f0B^tvb6B,Ellisonville,84915810
14,LGrimes@gmail.com,Laura,Grimes,k)VKq%f__4,Shrek,84915811
15,JHubbard@hotmail.com,James,Hubbard,(2TJFB&wmE,Tree surgeon,84915812
16,AChristian@aol.com,Alicia,Christian,@X_!E7CeFm,Shrek 2,84915813
17,XSmith@gmail.com,Xavier,Smith,+09)jCS@Zs,Morrowmouth,84915814
18,SGriffith@gmail.com,Steven,Griffith,_dRB^$jeB9,East Stacey,84915815
19,SRiley@aol.com,Scott,Riley,^F0Td*3cR3,White,84915816
20,MWard@aol.com,Marcus,Ward,(^0BJGzg7),North Brendaville,84915817
21,RAnderson@yahoo.com,Rebecca,Anderson,L1#+Ziyd+V,West Tabithabury,84915818
22,SJohnson@yahoo.com,Stephanie,Johnson,@fdkPKQp33,Franklinstad,84915819
23,CMiles@hotmail.com,Caleb,Miles,qs9FP0Fz)m,Rodriguez,84915820
24,TRichardson@aol.com,Thomas,Richardson,^OKv3Tbkxv,Private music teacher,84915821
25,LGonzalez@yahoo.com,Lauren,Gonzalez,y+tmoZ1o+2,Port Karafort,84915822
26,BWeber@gmail.com,Brian,Weber,1kMuNNnc)y,Le,84915823
27,MBaker@hotmail.com,Mark,Baker,S$)0zS+pl_,South Bryan,84915824
28,DStephens@aol.com,Daniel,Stephens,*9N_nW2g8w,Tucker,84915825
29,KWilliams@yahoo.com,Krista,Williams,XSa&0Funkp,Rowe,84915826
30,CBrown@hotmail.com,Charles,Brown,#a38RrFh*D,Location manager,84915827
31,TMoran@hotmail.com,Timothy,Moran,)nIU5YRm!4,Call centre manager,84915828
32,BWyatt@aol.com,Brendan,Wyatt,$7EYL%b^b9,Bee Movie,84915829
33,DDavis@yahoo.com,Danielle,Davis,^sA3X3Za_b,"Therapist, nutritional",84915830
34,GFranklin@hotmail.com,George,Franklin,g#4(J&Fu)e,"Librarian, public",84915831
35,JWare@yahoo.com,James,Ware,qNdJKqUw&9,Bee Movie,84915832
36,DSherman@hotmail.com,Dana,Sherman,#07OlXbgOG,Fields,84915833
37,YTaylor@hotmail.com,Yolanda,Taylor,)2VaFMVe&H,Photographer,84915834
38,JGarcia@gmail.com,Jessica,Garcia,+6SdlfKzI3,Bonds trader,84915835
39,DMontgomery@hotmail.com,Darrell,Montgomery,U8%#T2ol#I,"Surveyor, commercial/residential",84915836
40,LMcdonald@yahoo.com,Lauren,Mcdonald,@1sJHTQjGk,East Michaelport,84915837
41,DYoung@hotmail.com,David,Young,^Pd5O5wxg#,Charity fundraiser,84915838
42,TFitzgerald@aol.com,Tyler,Fitzgerald,TH$d8Aood3,Shrek 2,84915839
43,SGreen@gmail.com,Sara,Green,E#s9Gwos+b,Jonathanland,84915840
44,PKent@aol.com,Pamela,Kent,q9_VI%Ho*T,Shrek,84915841
45,BBlack@yahoo.com,Brian,Black,5dlNVs7!%i,East Taylorstad,84915842
46,JJensen@yahoo.com,Jeremy,Jensen,(teybZii05,Lake Suzannebury,84915843
47,EBridges@aol.com,Erin,Bridges,F&$c4Qsgh5,Shrek 2,84915844
48,BHoward@aol.com,Brittany,Howard,%$1oQ2qW*z,Artist,84915845
49,AChavez@aol.com,Ann,Chavez,+49cXVvdW7,East Johnchester,84915846
